{
  "timestamp": "2025-08-25T11:43:20.773701",
  "generation": 3,
  "target_properties": {
    "tensile_strength": 1400.0,
    "elongation": 18.0,
    "density": 0.99,
    "grain_size": 25.0
  },
  "scaling_config": {
    "max_workers": 2,
    "batch_size": 5,
    "caching_enabled": true,
    "auto_scaling_enabled": true
  },
  "discovery_results": [
    {
      "parameters": {
        "laser_power": 211.06339762867418,
        "scan_speed": 638.4095331392226,
        "layer_thickness": 20.410865275518535,
        "hatch_spacing": 80.00104361344366,
        "powder_bed_temp": 60.845468923465,
        "scan_strategy_angle": 5.355800558060389
      },
      "predicted_properties": {
        "tensile_strength": 932.2432618390403,
        "elongation": 13.346959227011997,
        "density": 0.963224326183904,
        "grain_size": 42.90725568891946
      },
      "breakthrough_score": 0.7171388092940334,
      "processing_time": 0.002735614776611328,
      "worker_id": 1,
      "parallel_tasks": 8
    },
    {
      "parameters": {
        "laser_power": 211.06339762867418,
        "scan_speed": 638.4095331392226,
        "layer_thickness": 20.410865275518535,
        "hatch_spacing": 80.00104361344366,
        "powder_bed_temp": 60.845468923465,
        "scan_strategy_angle": 5.355800558060389
      },
      "predicted_properties": {
        "tensile_strength": 932.2432618390403,
        "elongation": 13.346959227011997,
        "density": 0.963224326183904,
        "grain_size": 42.90725568891946
      },
      "breakthrough_score": 0.7171388092940334,
      "processing_time": 0.002747058868408203,
      "worker_id": 1,
      "parallel_tasks": 8
    },
    {
      "parameters": {
        "laser_power": 211.06339762867418,
        "scan_speed": 638.4095331392226,
        "layer_thickness": 20.410865275518535,
        "hatch_spacing": 80.00104361344366,
        "powder_bed_temp": 60.845468923465,
        "scan_strategy_angle": 5.355800558060389
      },
      "predicted_properties": {
        "tensile_strength": 932.2432618390403,
        "elongation": 13.346959227011997,
        "density": 0.963224326183904,
        "grain_size": 42.90725568891946
      },
      "breakthrough_score": 0.7171388092940334,
      "processing_time": 0.002752065658569336,
      "worker_id": 1,
      "parallel_tasks": 8
    },
    {
      "parameters": {
        "laser_power": 211.06339762867418,
        "scan_speed": 638.4095331392226,
        "layer_thickness": 20.410865275518535,
        "hatch_spacing": 80.00104361344366,
        "powder_bed_temp": 60.845468923465,
        "scan_strategy_angle": 5.355800558060389
      },
      "predicted_properties": {
        "tensile_strength": 932.2432618390403,
        "elongation": 13.346959227011997,
        "density": 0.963224326183904,
        "grain_size": 42.90725568891946
      },
      "breakthrough_score": 0.7171388092940334,
      "processing_time": 0.002755880355834961,
      "worker_id": 1,
      "parallel_tasks": 8
    },
    {
      "parameters": {
        "laser_power": 211.06339762867418,
        "scan_speed": 638.4095331392226,
        "layer_thickness": 20.410865275518535,
        "hatch_spacing": 80.00104361344366,
        "powder_bed_temp": 60.845468923465,
        "scan_strategy_angle": 5.355800558060389
      },
      "predicted_properties": {
        "tensile_strength": 932.2432618390403,
        "elongation": 13.346959227011997,
        "density": 0.963224326183904,
        "grain_size": 42.90725568891946
      },
      "breakthrough_score": 0.7171388092940334,
      "processing_time": 0.002760171890258789,
      "worker_id": 1,
      "parallel_tasks": 8
    },
    {
      "parameters": {
        "laser_power": 211.06339762867418,
        "scan_speed": 638.4095331392226,
        "layer_thickness": 20.410865275518535,
        "hatch_spacing": 80.00104361344366,
        "powder_bed_temp": 60.845468923465,
        "scan_strategy_angle": 5.355800558060389
      },
      "predicted_properties": {
        "tensile_strength": 932.2432618390403,
        "elongation": 13.346959227011997,
        "density": 0.963224326183904,
        "grain_size": 42.90725568891946
      },
      "breakthrough_score": 0.7171388092940334,
      "processing_time": 0.002763986587524414,
      "worker_id": 1,
      "parallel_tasks": 8
    },
    {
      "parameters": {
        "laser_power": 211.06339762867418,
        "scan_speed": 638.4095331392226,
        "layer_thickness": 20.410865275518535,
        "hatch_spacing": 80.00104361344366,
        "powder_bed_temp": 60.845468923465,
        "scan_strategy_angle": 5.355800558060389
      },
      "predicted_properties": {
        "tensile_strength": 932.2432618390403,
        "elongation": 13.346959227011997,
        "density": 0.963224326183904,
        "grain_size": 42.90725568891946
      },
      "breakthrough_score": 0.7171388092940334,
      "processing_time": 0.002767324447631836,
      "worker_id": 1,
      "parallel_tasks": 8
    },
    {
      "parameters": {
        "laser_power": 211.06339762867418,
        "scan_speed": 638.4095331392226,
        "layer_thickness": 20.410865275518535,
        "hatch_spacing": 80.00104361344366,
        "powder_bed_temp": 60.845468923465,
        "scan_strategy_angle": 5.355800558060389
      },
      "predicted_properties": {
        "tensile_strength": 932.2432618390403,
        "elongation": 13.346959227011997,
        "density": 0.963224326183904,
        "grain_size": 42.90725568891946
      },
      "breakthrough_score": 0.7171388092940334,
      "processing_time": 0.002770662307739258,
      "worker_id": 1,
      "parallel_tasks": 8
    },
    {
      "parameters": {
        "laser_power": 211.06339762867418,
        "scan_speed": 638.4095331392226,
        "layer_thickness": 20.410865275518535,
        "hatch_spacing": 80.00104361344366,
        "powder_bed_temp": 60.845468923465,
        "scan_strategy_angle": 5.355800558060389
      },
      "predicted_properties": {
        "tensile_strength": 932.2432618390403,
        "elongation": 13.346959227011997,
        "density": 0.963224326183904,
        "grain_size": 42.90725568891946
      },
      "breakthrough_score": 0.7171388092940334,
      "processing_time": 0.0021440982818603516,
      "worker_id": 0,
      "parallel_tasks": 8
    },
    {
      "parameters": {
        "laser_power": 211.06339762867418,
        "scan_speed": 638.4095331392226,
        "layer_thickness": 20.410865275518535,
        "hatch_spacing": 80.00104361344366,
        "powder_bed_temp": 60.845468923465,
        "scan_strategy_angle": 5.355800558060389
      },
      "predicted_properties": {
        "tensile_strength": 932.2432618390403,
        "elongation": 13.346959227011997,
        "density": 0.963224326183904,
        "grain_size": 42.90725568891946
      },
      "breakthrough_score": 0.7171388092940334,
      "processing_time": 0.0021567344665527344,
      "worker_id": 0,
      "parallel_tasks": 8
    }
  ],
  "system_status": {
    "timestamp": "2025-08-25T11:43:20.753729",
    "system_config": {
      "max_workers": 2,
      "batch_size": 5,
      "caching_enabled": true,
      "auto_scaling_enabled": true,
      "load_balance_strategy": "adaptive"
    },
    "performance_metrics": {
      "total_discoveries": 50,
      "successful_discoveries": 50,
      "failed_discoveries": 0,
      "cache_hits": 0,
      "cache_misses": 50,
      "quantum_operations": 50,
      "parallel_tasks": 0,
      "cpu_usage": [
        65.0588707033958
      ],
      "memory_usage": [
        40.200508716760076
      ],